name, link, price, rating, review_count
ProHealth Longevity NMN Pro 500™ Enhanced Absorption Featuring Uthever® NMN (60 capsules), https://www.prohealth.com/collections/all/products/prohealth-nmn-pro-500-enhanced-absorption-60-capsules-ph583, 58.0, 4.81, 679
ProHealth Longevity NMN Pro Complete with Trans-Resveratrol and TMG (Featuring Uthever® NMN) (37.5 grams), https://www.prohealth.com/collections/all/products/prohealth-longevity-nmn-pro-complete-featuring-uthever-nmn-37-5-grams-ph588, 62.4, 4.76, 306
ProHealth Longevity NMN Pro™ Powder Featuring Uthever® NMN (30 grams), https://www.prohealth.com/collections/all/products/prohealth-nmn-powder-1000-mg-30-grams-ph579, 82.88, 4.82, 695
Micronized Trans-Resveratrol (30 grams) by ProHealth Longevity, https://www.prohealth.com/collections/all/products/prohealth-micronized-trans-resveratrol-1000-mg-30-grams-ph576, 35.1, 4.85, 215
ProHealth Longevity NMN Pro™ Uthever 15 Grams - Pure NMN Powder, https://www.prohealth.com/collections/all/products/prohealth-nmn-powder-250-mg-15-grams-ph517, 46.41, 4.82, 695
ProHealth Longevity NMN Pro 300™ Enhanced Absorption Featuring Uthever® NMN (60 capsules), https://www.prohealth.com/collections/all/products/prohealth-nmn-pro-300-enhanced-absorption-60-capsules-ph518, 36.42, 4.81, 679
ProHealth Longevity NMN Pro™ Lozenges Featuring Uthever® NMN (250 mg 30 lozenges), https://www.prohealth.com/collections/all/products/prohealth-nmn-pro-250-mg-30-lozenges-ph515, 37.29, 4.86, 51
Trans-Resveratrol (1000 mg per 2 capsule serving 60 capsules) by ProHealth Longevity, https://www.prohealth.com/collections/all/products/prohealth-trans-resveratrol-1000-mg-60-capsules-ph528, 31.08, 4.83, 166
Pterostilbene Pro 250 (250 mg 60 capsules) by ProHealth Longevity, https://www.prohealth.com/collections/all/products/prohealth-pterostilbene-pro-250-250-mg-60-capsules-ph577, 29.15, 4.9, 30
TMG Pro Tablets (1000 mg 120 tablets) by ProHealth Longevity, https://www.prohealth.com/collections/all/products/prohealth-tmg-pro-tablets-1000-mg-120-tablets-ph568, 16.57, 4.72, 40
ProHealth Longevity NMN Pro Complete with Trans-Resveratrol and TMG (Featuring Uthever® NMN) (75 grams), https://www.prohealth.com/collections/all/products/prohealth-nmn-pro-complete-1000-mg-75-grams-ph578, 110.96, 4.76, 306
Niacinamide Flush-Free Vitamin B3 (600 mg 60 capsules) by ProHealth Longevity, https://www.prohealth.com/collections/all/products/prohealth-niacinamide-600-mg-60-capsules-ph575, 16.48, 4.8, 25
ProHealth Longevity NMN Pro™ Powder Featuring Uthever® NMN (100 grams) - Bulk NMN, https://www.prohealth.com/collections/all/products/prohealth-nmn-pro-powder-100-grams-ph529, 144.95, 4.82, 695
Bulk Micronized Trans-Resveratrol (100 grams) by ProHealth Longevity, https://www.prohealth.com/collections/all/products/prohealth-bulk-micronized-trans-resveratrol-100-grams-ph571, 84.75, 4.85, 215
TMG Pro Powder (100 grams) (Bulk Powder) by ProHealth Longevity, https://www.prohealth.com/collections/all/products/prohealth-tmg-pro-powder-100-grams-ph554, 12.33, 4.93, 45
NAD+ Pro Powder (15 grams) by ProHealth, https://www.prohealth.com/collections/all/products/prohealth-nad-pro-powder-150-mg-15-grams-ph527, 59.99, 4.5, 12
Optimized Curcumin Longvida with Pomella Pomegranate Extract (60 veggie capsules) by ProHealth, https://www.prohealth.com/collections/all/products/prohealth-optimized-curcumin-longvida-pomella-pomegranate-extract-60-capsules-ph475, 30.99, 5.0, 5
Quercetin / Bromelain Complex (100 tablets) by ProHealth, https://www.prohealth.com/collections/all/products/prohealth-quercetin-bromelain-complex-100-tablets-ph25, 21.55, 4.44, 32
Arctic Select Krill Oil™ (1000 mg 60 softgels) by ProHealth, https://www.prohealth.com/collections/all/products/prohealth-arctic-select-krill-oil-1000-mg-60-softgels-ph498, 29.99, 4.61, 18
NADH Pro (25 mg 60 Lozenges) by ProHealth, https://www.prohealth.com/collections/all/products/prohealth-nadh-pro-25-mg-60-lozenges-ph540, 38.99, 4.74, 31
Hydroxytyrosol Extreme™ (90 vegetarian capsules) by ProHealth, https://www.prohealth.com/collections/all/products/prohealth-hydroxytyrosol-extreme-90-capsules-ph398, 36.99, 4.91, 22
Vitamin D3 (5000 IU 100 Capsules) by ProHealth, https://www.prohealth.com/collections/all/products/prohealth-vitamin-d3-5000-iu-100-capsules-ph331, 12.49, 4.83, 46
Methyl B-12 (1000 mcg 60 sublingual tablets) by ProHealth, https://www.prohealth.com/collections/all/products/prohealth-methyl-b-12-1000-mcg-60-sublingual-tablets-p278, 9.49, 4.89, 28
Optimized Curcumin Longvida® (500 mg 60 veggie capsules) by ProHealth, https://www.prohealth.com/collections/all/products/prohealth-optimized-curcumin-longvida-500-mg-60-capsules-ph403, 31.49, 4.83, 64
Super Immune Boost Pro (30 capsules) by ProHealth, https://www.prohealth.com/collections/all/products/prohealth-super-immune-boost-pro-30-capsules-ph550, 11.69, 5.0, 7
ProHealth Longevity NMN Pro™ Powder Featuring Uthever® NMN (15 grams) (3 Pack), https://www.prohealth.com/collections/all/products/prohealth-nmn-powder-3-pack-150-mg-15-grams-ph517c, 136.31, 4.82, 695
ProHealth Longevity NMN Pro 300™ Enhanced Absorption Featuring Uthever® NMN (60 capsules) (3 Pack), https://www.prohealth.com/collections/all/products/prohealth-nmn-pro-300-3-pack-ph518c, 105.99, 4.81, 679
ProHealth Longevity NMN Pro™ Lozenges Featuring Uthever® NMN (250 mg 30 lozenges) (3 Pack), https://www.prohealth.com/collections/all/products/prohealth-nmn-pro-3-pack-250-mg-30-lozenges-ph535c, 107.4, 4.86, 51
ProHealth Longevity NMN Pro 300™ Enhanced Absorption Featuring Uthever® NMN (60 capsules) (6 Pack), https://www.prohealth.com/collections/all/products/prohealth-nmn-pro-300-6-pack-ph518f, 209.8, 4.81, 679
ProHealth Longevity NMN Pro™ Powder Featuring Uthever® NMN (15 grams) (6 Pack), https://www.prohealth.com/collections/all/products/prohealth-nmn-powder-6-pack-150-mg-15-grams-ph517f, 269.69, 4.82, 695
ProHealth Longevity NMN Pro™ Powder Featuring Uthever® NMN (250 grams) - Bulk NMN, https://www.prohealth.com/collections/all/products/prohealth-nmn-pro-powder-250-grams-ph543, 361.0, 4.82, 695
ProHealth Longevity NMN Pro™ Powder Featuring Uthever® NMN (15 grams) (2 Pack), https://www.prohealth.com/collections/all/products/prohealth-nmn-powder-2-pack-150-mg-15-grams-ph517b, 91.85, 4.82, 695
ProHealth Longevity NMN Pro 300™ Enhanced Absorption Featuring Uthever® NMN (60 capsules) (2 Pack), https://www.prohealth.com/collections/all/products/prohealth-nmn-pro-300-2-pack-ph518b, 71.39, 4.81, 679
ProHealth Longevity NMN Pro™ Lozenges Featuring Uthever® NMN (250 mg 30 lozenges) (6 Pack), https://www.prohealth.com/collections/all/products/prohealth-nmn-pro-6-pack-250-mg-30-lozenges-ph515f, 211.14, 4.86, 51
ProHealth Longevity NMN Pro™ Powder Featuring Uthever® NMN (1 kilo) (two 500 gram bags) - Bulk NMN, https://www.prohealth.com/collections/all/products/prohealth-nmn-pro-powder-1-kilo-ph537, 1354.0, 4.82, 695
ProHealth Longevity NMN Pro™ Lozenges Featuring Uthever® NMN (250 mg 30 lozenges) (2 Pack), https://www.prohealth.com/collections/all/products/prohealth-nmn-pro-2-pack-250-mg-30-lozenges-ph515b, 72.33, 4.86, 51
ProHealth Longevity NMN Pro™ Powder Featuring Uthever® NMN (500 grams) - Bulk NMN, https://www.prohealth.com/collections/all/products/prohealth-nmn-pro-powder-500-grams-ph544, 716.0, 4.82, 695
ProHealth Longevity NMN Pro™ Featuring Uthever® NMN Bundle: 1 Bottle (300 mg per 2 capsule serving 60 capsules) + 1 Jar (15 grams powder), https://www.prohealth.com/collections/all/products/nmn-pro-bundle-ph519, 81.18, 5.0, 2
Mitochondria Ignite™ with NT Factor® (675 mg 90 tablets) by ProHealth, https://www.prohealth.com/collections/all/products/prohealth-mitochondria-ignite-nt-factor-675-mg-90-tablets-ph195, 51.49, 4.0, 66
NADH + CoQ10 (60 vegetarian capsules) by ProHealth, https://www.prohealth.com/collections/all/products/prohealth-nadh-coq10-60-vegetarian-capsules-ph513, 39.99, 4.12, 17
Optimized Curcumin Brain and Focus® (60 veggie capsules) by ProHealth, https://www.prohealth.com/collections/all/products/prohealth-optimized-curcumin-brain-and-focus-60-capsules-ph409, 25.49, 4.15, 13
Optimized Curcumin Longvida® 3-pack (500 mg 3 bottles) by ProHealth, https://www.prohealth.com/collections/all/products/prohealth-optimized-curcumin-longvida-3-pack-500-mg-3-bottles-ph403c, 88.47, 4.83, 64
L-Theanine Calm-Plex with GABA and 5-HTP (Suntheanine®) (100 mg 60 capsules) by ProHealth, https://www.prohealth.com/collections/all/products/prohealth-l-theanine-calm-plex-gaba-5-htp-suntheanine-100-mg-60-capsules-p206, 18.49, 4.63, 19
Optimized Curcumin Body and Joint (60 veggie capsules) by ProHealth, https://www.prohealth.com/collections/all/products/prohealth-optimized-curcumin-body-and-joint-60-capsules-ph408, 20.39, 4.6, 10
5-HTP Extra Strength (200 mg 60 capsules) by ProHealth, https://www.prohealth.com/collections/all/products/prohealth-5-htp-extra-strength-200-mg-60-capsules-ph159, 29.99, 4.75, 12
Green Tea EGCG Extreme™ (390 mg EGCG 100 veggie capsules) by ProHealth, https://www.prohealth.com/collections/all/products/prohealth-green-tea-egcg-extreme-390-mg-100-capsules-ph395, 16.87, 4.72, 32
Vitamin D3 50000 (50000 IU 50 softgels) by ProHealth, https://www.prohealth.com/collections/all/products/prohealth-vitamin-d3-50000-iu-50-softgels-ph478, 19.49, 4.86, 42
S-Acetyl Glutathione (300 mg 60 Capsules) by ProHealth, https://www.prohealth.com/collections/all/products/prohealth-s-acetyl-glutathione-300-mg-60-capsules-ph497, 74.72, 4.69, 16
TMG Pro Powder (250 grams) (Bulk Powder) by ProHealth Longevity, https://www.prohealth.com/collections/all/products/prohealth-tmg-pro-powder-250-grams-ph555, 14.8, 4.93, 45
Vitamin D3 Extreme™ (50000 IU 24 Capsules) by ProHealth, https://www.prohealth.com/collections/all/products/prohealth-vitamin-d3-extreme-50000-iu-24-capsules-ph324, 15.49, 4.79, 57
Optimized Curcumin Longvida® 6-pack (500 mg 6 bottles) by ProHealth, https://www.prohealth.com/collections/all/products/prohealth-optimized-curcumin-longvida-6-pack-500-mg-6-bottles-ph403f, 173.94, 4.83, 64
Optimized Curcumin Brain and Focus® 2-Pack (60 veggie capsules) by ProHealth, https://www.prohealth.com/collections/all/products/prohealth-optimized-curcumin-brain-focus-2-pack-60-capsules-ph409b, 45.99, 4.15, 13
Think Clear™ (60 medium veggie capsules) by ProHealth, https://www.prohealth.com/collections/all/products/prohealth-think-clear-60-capsules-ph131, 14.34, 4.41, 17
Optimized Curcumin Body and Joint 2-Pack (60 veggie capsules) by ProHealth, https://www.prohealth.com/collections/all/products/prohealth-optimized-curcumin-body-and-joint-2-pack-60-capsules-ph408b, 45.99, 4.6, 10
Optimized Curcumin Longvida® 2-pack (500 mg 2 bottles) by ProHealth, https://www.prohealth.com/collections/all/products/prohealth-optimized-curcumin-longvida-2-pack-500-mg-2-bottles-ph403b, 60.98, 4.83, 64
Neuronal DHA™ (Fish Oil) (500 mg 90 softgels) by ProHealth, https://www.prohealth.com/collections/all/products/prohealth-neuronal-dha-500-mg-90-softgels-ph404, 21.11, 3.67, 3
Methylfolate Featuring Quatrefolic (15 mg 60 capsules) by ProHealth, https://www.prohealth.com/collections/all/products/prohealth-methylfolate-15-mg-60-capsules-ph489, 42.49, 4.38, 13
Arctic Select Krill Oil™ (500 mg 60 Softgels) by ProHealth, https://www.prohealth.com/collections/all/products/prohealth-arctic-select-krill-oil-500-mg-60-softgels-ph505, 21.99, 4.91, 11
Pro-C Complex™ (1000 mg 120 tablets) by ProHealth, https://www.prohealth.com/collections/all/products/prohealth-pro-c-complex-1000-mg-120-tablets-ph319, 12.24, 4.57, 21
Guaifenesin FA™ (400 mg 100 veggie capsules) by ProHealth, https://www.prohealth.com/collections/all/products/prohealth-guaifenesin-fa-fast-acting-400-mg-100-capsules-ph197, 19.49, 4.65, 88
Olive Leaf Extract - 15% Oleuropein (500 mg 60 veggie capsules) by ProHealth, https://www.prohealth.com/collections/all/products/prohealth-olive-leaf-extract-15-oleuropein-500-mg-60-capsules-ph123, 10.62, 4.43, 7
TMG Pro Powder (1 kilo) (two 500 gram bags - Bulk Powder) by ProHealth Longevity, https://www.prohealth.com/collections/all/products/prohealth-tmg-pro-powder-1-kilo-ph557, 30.37, 4.93, 45
TMG Pro Powder (500 grams) (Bulk Powder) by ProHealth Longevity, https://www.prohealth.com/collections/all/products/prohealth-tmg-pro-powder-500-grams-ph556, 22.2, 4.93, 45
Energy NADH™ (12.5 mg 30 tablets) by ProHealth, https://www.prohealth.com/collections/all/products/prohealth-energy-nadh-12-5-mg-30-tablets-ph313, 24.49, 4.12, 24
Energy NADH™ (12.5 mg 90 tablets) by ProHealth, https://www.prohealth.com/collections/all/products/prohealth-energy-nadh-12-5-mg-90-tablets-ph393, 72.49, 4.72, 32
Bulk Micronized Trans-Resveratrol (250 grams) by ProHealth Longevity, https://www.prohealth.com/collections/all/products/prohealth-bulk-micronized-trans-resveratrol-250-grams-ph572, 190.69, 4.85, 215
Bulk Micronized Trans-Resveratrol (500 grams) by ProHealth Longevity, https://www.prohealth.com/collections/all/products/prohealth-bulk-micronized-trans-resveratrol-500-grams-ph573, 343.24, 4.85, 215
Bulk Micronized Trans-Resveratrol (1 kilo) by ProHealth Longevity, https://www.prohealth.com/collections/all/products/prohealth-bulk-micronized-trans-resveratrol-1-kilo-ph574, 617.83, 4.85, 215
Vitamin D3 Extreme™ 2-Pack (50000 IU 24 Capsules) by ProHealth, https://www.prohealth.com/collections/all/products/prohealth-vitamin-d3-extreme-2-pack-50000-iu-2-bottles-ph324b, 25.0, 4.74, 23
Mitochondria Ignite™ with NT Factor® 2-Pack (675 mg 90 tablets) by ProHealth, https://www.prohealth.com/collections/all/products/prohealth-mitochondria-ignite-nt-factor-2-pack-ph195b, 92.49, 4.0, 66
Hydroxytyrosol Extreme™ 2-Pack (100 mg 90 vegetarian capsules) by ProHealth, https://www.prohealth.com/collections/all/products/prohealth-hydroxytyrosol-extreme-2-pack-100-mg-90-capsules-ph398b, 65.99, 4.91, 22
Energy NADH™ (12.5 mg 2 boxes) by ProHealth, https://www.prohealth.com/collections/all/products/prohealth-energy-nadh-2-pack-12-5-mg-ph313b, 39.99, 5.0, 6
D-Ribose (60 servings 300 grams) by ProHealth, https://www.prohealth.com/collections/all/products/prohealth-d-ribose-60-servings-300-grams-ph438, 32.49, 4.29, 14
B-12 Extreme™ (35 mg 30 lozenges) by ProHealth, https://www.prohealth.com/collections/all/products/prohealth-b-12-extreme-35-mg-30-lozenges-ph314, 59.83, 4.56, 68
Brain-Mag Pro (Magnesium L-Threonate) (90 capsules) by ProHealth Longevity, https://www.prohealth.com/collections/all/products/prohealth-brain-mag-pro-magnesium-l-threonate-90-capsules-ph584, 30.47, 4.32, 19
Calcium AKG Longevity (1000 mg per 2 capsule serving 60 capsules) by ProHealth Longevity, https://www.prohealth.com/collections/all/products/prohealth-calcium-akg-longevity-500-mg-60-capsules-ph591, 22.73, 4.89, 63
Fisetin Pro Longevity (60 capsules) by ProHealth Longevity, https://www.prohealth.com/collections/all/products/prohealth-longevity-fisetin-pro-longevity-60-capsules-ph590, 37.0, 4.74, 46
ProHealth Longevity NMN Pro 250™ Sustained Release Featuring Uthever® NMN (250 mg 60 tablets), https://www.prohealth.com/collections/all/products/prohealth-longevity-nmn-pro-sustained-release-250-mg-60-tablets-ph598, 75.5, 4.91, 47
ProHealth Longevity NMN Pro 1000™ Enhanced Absorption Featuring Uthever® NMN (60 capsules), https://www.prohealth.com/collections/all/products/prohealth-longevity-nmn-pro-1000-enhanced-absorption-featuring-uthever-nmn-60-capsules-ph593, 115.0, 4.81, 679
Lypo-Absorb Vitamin C (1000 mg 30 packets) by ProHealth, https://www.prohealth.com/collections/all/products/prohealth-lypo-absorb-vitamin-c-1000-mg-30-packets-ph592, 17.98, 4.6, 10
Muscle Relief Pro (180 veggie capsules) by ProHealth Longevity, https://www.prohealth.com/collections/all/products/prohealth-longevity-muscle-relief-pro-180-capsules-ph600, 43.49, 5.0, 6
Malic Acid + Magnesium (1200 mg 180 tablets) by ProHealth, https://www.prohealth.com/collections/all/products/prohealth-malic-acid-magnesium-1200-mg-180-tablets-ph107, 14.49, 4.69, 32
L-Theanine Calm-Plex With GABA And 5-HTP (Suntheanine®) 2 Pack - 100 Mg 2 Bottles by ProHealth, https://www.prohealth.com/collections/all/products/prohealth-l-theanine-calm-plex-gaba-5-htp-suntheanine-2-pack-2-bottles-p206b, 31.49, 4.89, 9
Sleep Longevity with Sedapine™ (60 Capsules) by ProHealth Longevity, https://www.prohealth.com/collections/all/products/prohealth-sleep-longevity-sedapine-60-capsules-ph599, 28.89, 4.76, 58
Valerian Extract with Lemon Balm (160 mg 60 capsules) by ProHealth, https://www.prohealth.com/collections/all/products/prohealth-valerian-extract-lemon-balm-160-mg-60-capsules-ph104, 12.49, 4.06, 16
Ubiquinol CoQ-10 (100 mg 60 softgels) by ProHealth, https://www.prohealth.com/collections/all/products/prohealth-ubiquinol-coq-10-100-mg-60-softgels-ph977, 29.24, 4.75, 4
Pomella® Pomegranate Extract (500 mg 60 veggie capsules) by ProHealth, https://www.prohealth.com/collections/all/products/prohealth-pomella-pomegranate-extract-350-mg-60-capsules-ph487, 19.99, 4.17, 6
HydroCurc® (500 mg 30 veggie capsules) by ProHealth Longevity, https://www.prohealth.com/collections/all/products/prohealth-hydrocurc-500-mg-30-capsules-ph615, 22.5, 4.7, 10
Ultra Antioxidant™ (60 veg capsules) by ProHealth, https://www.prohealth.com/collections/all/products/prohealth-ultra-antioxidant-60-veg-capsules-ph620, 19.49, 4.67, 3
Berberine Pro (1200 mg per day 60 capsules) by ProHealth Longevity, https://www.prohealth.com/collections/all/products/prohealth-longevity-berberine-pro-600-mg-60-capsules-ph613, 29.95, 4.75, 61
ProHealth Longevity NMN Pro 300™ Enhanced Absorption Featuring Uthever® NMN (180 capsules), https://www.prohealth.com/collections/all/products/prohealth-longevity-nmn-pro-300-enhanced-absorption-180-capsules-ph614, 103.8, 4.81, 679
ThymusPro (Thymic Protein A) (4 mcg 30 packets) by ProHealth Longevity, https://www.prohealth.com/collections/all/products/prohealth-longevity-thymuspro-4-mcg-30-packets-ph619, 49.95, 4.81, 16
TruMe Biological Age Test, https://www.prohealth.com/collections/all/products/trume-at-home-dna-biological-age-test-tst100, 99.0, 4.59, 17
Longevity Collagen Peptides (690 grams) by ProHealth Longevity, https://www.prohealth.com/collections/all/products/prohealth-longevity-collagen-peptides-690-grams-ph618, 59.95, 4.89, 28
ProHealth Longevity NMN Pro 500™ Enhanced Absorption Featuring Uthever® NMN (60 capsules) (3 Pack), https://www.prohealth.com/collections/all/products/prohealth-longevity-nmn-pro-500-enhanced-absorption-60-capsules-3-pack-ph583c, 165.31, 4.81, 679
ProHealth Longevity NMN Pro 1000™ Enhanced Absorption Featuring Uthever® NMN (60 capsules) (3 Pack), https://www.prohealth.com/collections/all/products/prohealth-longevity-nmn-pro-1000-enhanced-absorption-nmn-60-capsules-3-pack-ph593c, 327.75, 4.81, 679
Trans-Resveratrol (1000 mg per 2 capsule serving 60 capsules) by ProHealth Longevity (3 Pack), https://www.prohealth.com/collections/all/products/prohealth-longevity-trans-resveratrol-1000-mg-60-capsules-3-pack-ph528c, 88.58, 4.83, 166
Full Spectrum Apigenin (500 mg per 2-capsule serving 60 capsules) by ProHealth Longevity, https://www.prohealth.com/collections/all/products/prohealth-full-spectrum-apigenin-plus-60-capsules-ph621, 45.74, 4.89, 9
Square One: A Simple Guide to a Balanced Life by Dr. Joseph Maroon, https://www.prohealth.com/collections/all/products/dr-joseph-maroon-square-one-a-simple-guide-to-a-balanced-life-bk810, 23.95, 5.0, 3
Nicotinamide Riboside Pro 500 (500 mg NIAGEN® + 250 mg TMG per 2-capsule serving 60 capsules), https://www.prohealth.com/collections/all/products/prohealth-nicotinamide-riboside-pro-500-60-capsules-ph628, 64.95, 5.0, 3
ProHealth Longevity Liposomal NMN Pro 300™ (60 Capsules), https://www.prohealth.com/collections/all/products/prohealth-liposomal-nmn-pro-300-60-capsules-ph625, 43.95, 5.0, 9
Nicotinamide Riboside Pro 300 (300 mg NIAGEN® + 150 mg TMG per 2-capsule serving 30 capsules), https://www.prohealth.com/collections/all/products/prohealth-nicotinamide-riboside-pro-300-30-capsules-ph627, 47.3, 5.0, 2
ProHealth Longevity Liposomal NMN Pro Complete™ (90 Capsules), https://www.prohealth.com/collections/all/products/prohealth-liposomal-nmn-pro-complete-90-capsules-ph622, 74.95, 0.0, 0
ProHealth Longevity NMN Pro™ Complete Capsules (120 Capsules), https://www.prohealth.com/collections/all/products/prohealth-nmn-pro-complete-capsules-120-capsules-ph633, 83.22, 0.0, 0
